title,description
Task 01,Descrição da Task 01
Task 02,Descrição da Task 02
Task 03,Descrição da Task 03
Task 04,Descrição da Task 04
Task 05,Descrição da Task 05
Task 04,Descrição da Task 04
Task 05,Descrição da Task 05
Task 04,Descrição da Task 04
Task 05,Descrição da Task 05
Task 04,Descrição da Task 06
Task 05,Descrição da Task 07
Task 04,Descrição da Task 08
Task 05,Descrição da Task 09
Task 04,Descrição da Task 10
Task 05,Descrição da Task 11
Task 04,Descrição da Task 12
Task 05,Descrição da Task 13
Task 04,Descrição da Task 14
Task 05,Descrição da Task 15
Task 04,Descrição da Task 16
Task 05,Descrição da Task 17